{
  "osnova": {
    "world": "minecraft:overworld",
    "x": -25.472101264683396,
    "y": 19.5,
    "z": 53.63003342803078,
    "lines": [
      "\u0026l\u0026oДОНАТ:",
      "\u00261ПИДОР - 25 РУБЛЕЙ",
      "\u00262ЧУШПАН - 30 РУБЛЕЙ",
      "\u00263ШАУРМИСТ - 40 РУБЛЕЙ",
      "\u00264АНТИГРИФЕР - 50 РУБЛЕЙ",
      "\u00265ЭЛИТА - 70 РУБЛЕЙ",
      "\u00266КРЕАТИВ - 100 РУБЛЕЙ",
      "\u0026#9E45ACИ\u0026#9E45ACМ\u0026#9E45ACП\u0026#9E45ACЕ\u0026#9E45ACР\u0026#9E45ACА\u0026#9E45ACТ\u0026#9E45ACО\u0026#9E45ACР \u0026#9E45AC- \u0026#914AAE1\u0026#8A4CAF4\u0026#834EB09 \u0026#7653B1Р\u0026#6F55B2У\u0026#6857B3Б\u0026#6159B4Л\u0026#5B5CB5Е\u0026#545EB6Й",
      "\u0026#3BE57DБ\u0026#3BE57DО\u0026#3BE57DГ \u0026#3BE57D- \u0026#3BE57D2\u0026#3BE57D1\u0026#3FD46E9 \u0026#46B150Р\u0026#4AA041У\u0026#4D8E31Б\u0026#517D22Л\u0026#546B13Е\u0026#585A04Й",
      "\u0026#602FD2М\u0026#602FD2А\u0026#602FD2М\u0026#602FD2О\u0026#602FD2Е\u0026#602FD2Д \u0026#602FD2- \u0026#602FD22\u0026#6F2EC87\u0026#7D2CBE9 \u0026#9A2AAAР\u0026#A928A1У\u0026#B72797Б\u0026#C6268DЛ\u0026#D42483Е\u0026#E32379Й",
      "\u0026#FF3BF2А\u0026#F739F2Н\u0026#EF37F3А\u0026#E834F3Л\u0026#E032F4Ь\u0026#D830F4Н\u0026#D02EF5А\u0026#C92CF5Я \u0026#B927F6М\u0026#B125F7О\u0026#A923F7З\u0026#A221F8О\u0026#9A1FF8Л\u0026#921CF9Ь \u0026#8318FA- \u0026#7314FB3\u0026#6B11FB9\u0026#630FFC9 \u0026#540BFDР\u0026#4C09FDУ\u0026#4407FEБ\u0026#3D04FEЛ\u0026#3502FFЕ\u0026#2D00FFЙ",
      "\u00264ГИТЛЕР - \u0026m999 РУБЛЕЙ\u0026r 49 РУБЛЕЙ"
    ],
    "item": null,
    "backlightEnabled": true,
    "backlightLevel": 3
  }
}